dat,meses3,meses6,meses9,ano_um,ano_dois,ano_tres,ano_cinco,ano_oito,ano_dez,MÃ©dia
2025-08-11,14.91,14.86,14.805,14.648,13.655,13.243,13.415,13.68,13.765,14.109000000000002
2025-08-08,14.913,14.86,14.795,14.675,13.715,13.3,13.495,13.75,13.837,14.148888888888889
2025-08-07,14.912,14.86,14.8,14.66,13.71,13.32,13.512,13.79,13.882,14.160666666666666
2025-08-06,14.914,14.865,14.8,14.672,13.735,13.385,13.597,13.86,13.945,14.197
2025-08-05,14.892,14.875,14.815,14.688,13.775,13.41,13.635,13.9,13.985,14.219444444444445
2025-08-04,14.91,14.885,14.805,14.69,13.745,13.38,13.585,13.84,13.935,14.197222222222223
2025-08-01,14.892,14.865,14.815,14.725,13.83,13.455,13.655,13.93,14.015,14.242444444444446
2025-07-31,14.91,14.89,14.855,14.8,13.955,13.605,13.79,14.04,14.113,14.328666666666667
2025-07-30,14.906,14.875,14.825,14.725,13.83,13.475,13.685,13.94,14.042,14.255888888888888
2025-07-29,14.92,14.885,14.81,14.69,13.74,13.405,13.623,13.9,14.0,14.219222222222223
2025-07-28,14.927,14.89,14.835,14.727,13.835,13.53,13.773,14.05,14.132,14.299888888888887
2025-07-25,14.927,14.91,14.84,14.748,13.87,13.555,13.792,14.05,14.142,14.31488888888889
2025-07-24,14.921,14.92,14.855,14.755,13.83,13.505,13.727,14.02,14.105,14.293111111111111
2025-07-23,14.92,14.915,14.86,14.75,13.83,13.495,13.717,13.98,14.063,14.28111111111111
2025-07-22,14.921,14.93,14.855,14.757,13.85,13.5,13.717,13.95,14.01,14.276666666666667
2025-07-21,14.919,14.93,14.885,14.797,13.945,13.635,13.833,14.06,14.12,14.347111111111111
2025-07-18,14.936,14.915,14.895,14.823,14.02,13.685,13.877,14.09,14.15,14.376777777777777
2025-07-17,14.928,14.915,14.88,14.788,13.955,13.6,13.773,13.97,14.055,14.31822222222222
2025-07-16,14.902,14.91,14.895,14.825,14.02,13.67,13.845,14.06,14.123,14.36111111111111
2025-07-15,14.9,14.915,14.885,14.805,13.965,13.61,13.785,13.98,14.05,14.321666666666667
2025-07-14,14.902,14.905,14.875,14.785,13.862,13.465,13.635,13.8,13.907,14.237333333333332
2025-07-11,14.906,14.925,14.88,14.795,13.91,13.5,13.645,13.82,13.865,14.249555555555556
2025-07-10,14.912,14.91,14.89,14.795,13.93,13.525,13.68,13.87,13.925,14.270777777777782
2025-07-09,14.909,14.89,14.82,14.675,13.725,13.33,13.477,13.665,13.76,14.139
2025-07-08,14.908,14.87,14.83,14.69,13.74,13.305,13.448,13.62,13.72,14.125666666666667
2025-07-07,14.904,14.9,14.84,14.708,13.8,13.355,13.453,13.6,13.69,14.13888888888889
2025-06-30,14.965,14.795,14.835,14.785,13.875,13.142,13.255,13.485,13.59,14.080777777777776
2025-06-27,14.972,14.805,14.841,14.805,13.96,13.325,13.485,13.745,13.858,14.199555555555557
2025-06-26,14.959,14.79,14.85,14.8,13.962,13.333,13.49,13.765,13.875,14.202666666666666
2025-06-25,14.958,14.833,14.858,14.85,14.066,13.44,13.59,13.814,13.941,14.261111111111111
2025-06-24,14.951,14.83,14.855,14.85,14.005,13.33,13.472,13.72,13.847,14.206666666666665
2025-06-23,14.948,14.87,14.88,14.875,14.102,13.41,13.525,13.725,13.84,14.241666666666665
2025-06-20,14.948,14.875,14.875,14.88,14.102,13.445,13.563,13.75,13.855,14.254777777777779
2025-06-18,14.838,14.775,14.785,14.807,14.063,13.57,13.7,13.86,13.96,14.262
2025-06-17,14.846,14.77,14.805,14.807,14.108,13.595,13.725,13.9,13.988,14.282666666666664
2025-06-16,14.806,14.755,14.81,14.775,14.023,13.48,13.635,13.86,13.93,14.230444444444446
2025-06-13,14.793,14.76,14.785,14.78,14.068,13.61,13.775,13.95,14.047,14.285333333333334
2025-06-12,14.802,14.765,14.8,14.8,14.068,13.525,13.675,13.825,13.915,14.241666666666667
2025-06-11,14.785,14.755,14.82,14.82,13.981,13.552,13.708,13.845,13.935,14.244555555555555
2025-06-10,14.787,14.74,14.78,14.76,14.08,13.525,13.725,13.92,14.01,14.258555555555555
2025-06-09,14.798,14.76,14.81,14.78,14.08,13.66,13.84,14.02,14.105,14.317
2025-06-06,14.815,14.805,14.89,14.875,14.21,13.82,13.965,14.12,14.177,14.408555555555555
2025-06-05,14.797,14.8,14.855,14.845,14.23,13.755,13.917,14.08,14.118,14.377444444444443
2025-06-04,14.755,14.705,14.785,14.74,14.045,13.6,13.792,13.94,13.99,14.261333333333333
2025-06-03,14.755,14.705,14.765,14.705,14.055,13.59,13.757,13.89,13.948,14.241111111111113
2025-06-02,14.749,14.68,14.745,14.695,14.016,13.655,13.858,14.01,14.075,14.27588888888889
2025-05-30,14.739,14.675,14.735,14.67,14.015,13.54,13.738,13.91,13.993,14.223888888888887
2025-05-29,14.718,14.657,14.696,14.635,13.804,13.439,13.696,13.929,13.993,14.17411111111111
2025-05-28,14.716,14.645,14.695,14.595,13.81,13.46,13.708,13.93,14.01,14.174333333333333
2025-05-27,14.72,14.66,14.665,14.55,13.715,13.345,13.62,13.87,13.958,14.122555555555557
2025-05-26,14.703,14.675,14.685,14.59,13.85,13.55,13.83,14.05,14.125,14.228666666666665
2025-05-23,14.703,14.683,14.73,14.655,13.92,13.705,13.995,14.18,14.28,14.316777777777778
2025-05-22,14.728,14.665,14.695,14.6,13.98,13.455,13.695,13.88,14.007,14.189444444444446
2025-05-21,14.692,14.67,14.71,14.635,13.955,13.65,13.915,14.09,14.215,14.281333333333334
2025-05-20,14.68,14.675,14.71,14.63,13.913,13.53,13.802,14.01,14.14,14.232222222222223
2025-05-19,14.688,14.672,14.749,14.585,13.909,13.588,13.795,14.033,14.026,14.227222222222224
2025-05-16,14.66,14.675,14.755,14.67,13.946,13.678,13.83,13.964,14.045,14.246999999999998
2025-05-15,14.654,14.653,14.76,14.695,13.929,13.668,13.787,13.935,14.024,14.233888888888892
2025-05-14,14.656,14.675,14.75,14.735,13.875,13.435,13.645,13.815,13.929,14.168333333333333
2025-05-13,14.652,14.69,14.76,14.67,13.9,13.505,13.717,13.88,14.007,14.197888888888889
2025-05-12,14.649,14.687,14.738,14.68,13.92,13.475,13.642,13.719,13.863,14.152555555555553
2025-05-09,14.652,14.7,14.77,14.675,13.845,13.375,13.547,13.68,13.76,14.111555555555556
2025-05-08,14.585,14.635,14.714,14.66,13.93,13.56,13.775,13.77,13.972,14.177888888888889
2025-05-07,14.585,14.635,14.696,14.62,13.93,13.56,13.775,13.873,13.972,14.18288888888889
2025-05-06,14.57,14.626,14.675,14.61,13.94,13.675,13.925,14.033,14.133,14.242999999999999
2025-05-05,14.585,14.67,14.685,14.62,13.965,13.67,13.908,14.02,14.097,14.246666666666666
2025-05-02,14.554,14.635,14.66,14.565,13.874,13.565,13.823,13.97,14.063,14.189888888888888
2025-04-30,14.528,14.625,14.645,14.53,13.865,13.51,13.797,14.0,14.1,14.177777777777777
2025-04-29,14.502,14.602,14.642,14.585,13.85,13.654,14.005,14.261,14.377,14.27533333333333
2025-04-28,14.514,14.61,14.65,14.545,13.8,13.645,13.975,14.21,14.315,14.251555555555553
2025-04-25,14.516,14.613,14.653,14.515,13.906,13.764,14.117,14.407,14.514,14.333888888888888
2025-04-24,14.516,14.613,14.653,14.43,13.906,13.764,14.117,14.407,14.514,14.324444444444444
2025-04-23,14.464,14.64,14.718,14.575,14.116,13.989,14.325,14.564,14.618,14.445444444444446
2025-04-22,14.448,14.63,14.705,14.645,14.003,13.901,14.152,14.403,14.505,14.376888888888889
2025-04-17,14.436,14.64,14.72,14.685,14.16,14.042,14.35,14.555,14.615,14.467
2025-04-16,14.433,14.608,14.695,14.66,14.179,14.088,14.395,14.63,14.7,14.487555555555552
2025-04-15,14.424,14.605,14.695,14.66,14.22,14.083,14.385,14.58,14.642,14.477111111111112
2025-04-14,14.464,14.64,14.752,14.64,14.322,14.239,14.315,14.768,14.608,14.527555555555555
2025-04-11,14.428,14.635,14.74,14.725,14.46,14.243,14.525,14.78,14.815,14.594555555555555
2025-04-10,14.416,14.62,14.75,14.765,14.445,14.403,14.68,14.97,15.06,14.678777777777778
2025-04-09,14.4,14.62,14.687,14.81,14.16,14.13,14.36,14.66,14.795,14.513555555555554
2025-04-08,14.426,14.605,14.725,14.715,14.17,14.238,14.517,14.76,14.845,14.555666666666667
2025-04-07,14.39,14.575,14.655,14.62,14.17,14.097,14.398,14.67,14.788,14.484777777777778
2025-04-04,14.398,14.58,14.725,14.705,14.25,14.137,14.42,14.695,14.79,14.52222222222222
2025-04-03,14.341,14.555,14.941,14.788,14.723,14.577,14.701,14.892,14.962,14.719999999999999
2025-04-02,14.347,14.72,14.955,15.018,14.734,14.594,14.715,14.912,14.974,14.774333333333333
2025-04-01,14.329,14.7,14.935,14.995,14.82,14.63,14.807,14.935,14.975,14.791777777777778
2025-03-31,14.34,14.73,14.97,15.05,15.084,14.75,14.913,15.045,15.105,14.887444444444444
2025-03-28,14.39,14.805,15.06,15.13,14.965,14.78,14.908,15.03,15.042,14.901111111111113
2025-03-27,14.282,14.375,14.738,15.005,15.151,14.844,14.799,14.881,15.09,14.79611111111111
2025-03-26,14.323,14.41,14.825,15.095,15.272,15.135,14.938,15.125,15.09,14.912555555555555
2025-03-25,14.302,14.372,14.699,14.901,15.125,14.97,14.735,14.875,14.927,14.767333333333333
2025-03-21,14.296,14.343,14.595,14.75,14.948,14.73,14.65,14.646,14.698,14.628444444444446
2025-03-20,14.28,14.345,14.615,14.785,14.86,14.59,14.445,14.655,14.716,14.587888888888891
2025-03-19,14.173,14.245,14.468,14.665,14.73,14.47,14.375,14.565,14.6,14.476777777777777
2025-03-18,14.045,14.23,14.46,14.66,14.725,14.455,14.37,14.57,14.608,14.45811111111111
2025-03-17,13.935,14.205,14.438,14.69,14.813,14.406,14.427,14.678,14.723,14.479444444444447
2025-03-14,13.879,14.187,14.435,14.678,14.795,14.61,14.532,14.665,14.679,14.495555555555557
2025-03-13,13.827,14.22,14.435,14.655,14.725,14.535,14.497,14.8,14.83,14.502666666666666
2025-03-11,13.676,14.188,14.458,14.662,14.839,14.497,14.582,14.58,14.59,14.452444444444446
2025-03-10,13.678,14.195,14.43,14.663,14.799,14.402,14.458,14.629,14.808,14.45133333333333
2025-03-07,13.658,14.215,14.53,14.695,14.765,14.605,14.705,14.86,14.877,14.545555555555556
2025-03-06,13.624,14.22,14.62,14.775,14.89,14.83,14.98,15.03,15.02,14.665444444444445
2025-03-05,13.605,14.245,14.615,14.81,14.91,14.85,14.96,15.09,15.097,14.686888888888891
2025-02-28,13.578,14.235,14.618,14.808,14.977,14.866,14.875,14.987,15.017,14.662333333333331
2025-02-26,13.554,14.2,14.54,14.71,14.785,14.72,14.785,14.9,14.92,14.568222222222223
2025-02-25,13.53,14.144,14.441,14.58,14.625,14.465,14.485,14.625,14.698,14.399222222222221
2025-02-24,13.508,14.115,14.425,14.595,14.637,14.48,14.48,14.62,14.717,14.397444444444448
2025-02-21,13.502,14.11,14.435,14.545,14.623,14.47,14.465,14.59,14.665,14.378333333333334
2025-02-20,13.485,14.115,14.425,14.584,14.803,14.539,14.469,14.548,14.553,14.391222222222224
2025-02-19,13.461,14.079,14.445,14.655,14.833,14.524,14.57,14.485,14.522,14.397111111111112
2025-02-18,13.479,14.105,14.465,14.66,14.762,14.585,14.435,14.41,14.45,14.372333333333334
2025-02-17,13.47,14.105,14.47,14.655,14.77,14.62,14.45,14.4,14.425,14.37388888888889
2025-02-14,13.452,14.12,14.532,14.801,14.92,14.84,14.745,14.868,14.884,14.573555555555556
2025-02-13,13.436,14.1,14.564,14.861,15.042,14.872,14.985,14.913,14.933,14.633999999999999
2025-02-12,13.446,14.115,14.56,14.835,15.01,15.015,14.945,14.865,14.895,14.631777777777778
2025-02-11,13.431,14.13,14.61,14.895,15.063,15.07,14.935,14.865,14.877,14.652888888888889
2025-02-07,13.425,14.13,14.66,14.98,15.155,15.145,14.92,14.81,14.833,14.673111111111114
2025-02-06,13.398,14.089,14.609,14.929,15.196,14.953,14.738,14.672,14.735,14.591000000000001
2025-02-05,13.384,14.09,14.591,14.877,15.131,14.819,14.715,14.511,14.527,14.516111111111112
2025-02-04,13.372,14.08,14.59,14.898,15.042,14.845,14.58,14.435,14.452,14.477111111111112
2025-02-03,13.365,14.055,14.57,14.86,15.045,14.89,14.785,14.51,14.517,14.510777777777779
2025-01-31,13.37,14.065,14.57,14.87,15.055,14.93,14.85,14.76,14.795,14.584999999999999
2025-01-30,13.367,14.04,14.54,14.835,15.012,14.93,14.955,14.96,15.007,14.627333333333334
2025-01-29,13.347,14.125,14.765,15.135,15.368,15.32,15.212,15.08,15.105,14.828555555555555
2025-01-28,13.322,14.07,14.715,15.09,15.307,15.235,15.142,15.025,15.06,14.774000000000001
2025-01-27,13.296,14.094,14.734,15.125,15.33,15.295,15.185,15.11,15.13,14.811
2025-01-24,13.268,14.055,14.685,15.05,15.305,15.29,15.245,15.15,15.177,14.802777777777777
2025-01-23,13.242,14.01,14.58,14.945,15.13,15.145,15.165,15.12,15.155,14.721333333333332
2025-01-22,13.223,13.965,14.53,14.865,15.09,15.05,15.02,14.89,14.882,14.612777777777776
2025-01-21,13.174,13.99,14.58,14.942,15.229,15.06,15.17,15.043,15.053,14.693444444444443
2025-01-20,13.181,14.0,14.58,14.92,15.14,15.125,15.15,15.1,15.068,14.696000000000002
2025-01-17,13.153,13.962,14.532,14.892,15.125,15.13,15.22,15.071,15.039,14.680444444444444
2025-01-16,13.116,13.935,14.53,14.873,15.161,15.016,15.155,14.892,14.854,14.614666666666665
2025-01-15,13.13,13.935,14.475,14.805,15.055,15.07,15.13,14.75,14.65,14.555555555555555
2025-01-14,13.109,13.975,14.555,14.88,15.14,15.225,15.335,15.16,15.015,14.710444444444445
2025-01-13,13.099,14.005,14.622,15.006,15.17,15.27,15.395,15.069,14.918,14.728222222222222
2025-01-10,13.104,13.985,14.604,14.994,15.356,15.31,15.376,14.99,14.85,14.729888888888887
2025-01-09,13.069,13.933,14.53,14.892,15.17,15.255,15.143,14.896,14.745,14.62588888888889
2025-01-08,13.106,13.985,14.59,14.95,15.19,15.355,15.217,14.95,14.77,14.679222222222222
2025-01-07,13.078,13.965,14.585,14.945,15.195,15.315,15.23,14.79,14.585,14.632000000000001
2025-01-06,13.082,13.99,14.615,14.995,15.275,15.43,15.305,14.81,14.61,14.679111111111114
2025-01-03,13.031,14.025,14.66,15.08,15.433,15.484,15.472,15.059,14.835,14.786555555555553
2025-01-02,13.056,14.1,14.825,15.27,15.59,15.77,15.77,15.32,15.11,14.978999999999997
2024-12-30,13.1,14.2,14.975,15.465,15.785,15.92,15.86,15.4,15.145,15.094444444444443
2024-12-27,13.11,14.175,14.895,15.36,15.66,15.725,15.635,15.2,15.002,14.973555555555556
2024-12-26,13.175,14.21,14.895,15.4,15.59,15.595,15.39,14.91,14.72,14.87611111111111
2024-12-20,13.125,14.08,14.72,15.075,15.305,15.24,14.96,14.46,14.31,14.586111111111112
2024-12-19,13.24,14.435,14.8,15.344,15.537,15.448,15.338,14.759,14.613,14.83488888888889
2024-12-18,13.07,14.11,14.86,15.345,15.615,15.705,15.47,14.88,14.77,14.869444444444444
2024-12-17,12.935,13.925,14.58,15.03,15.245,15.315,15.08,14.45,14.335,14.54388888888889
2024-12-16,12.93,13.92,14.585,15.035,15.27,15.465,15.265,14.74,14.64,14.649999999999999
2024-12-13,12.855,13.765,14.385,14.77,14.94,14.95,14.6,14.025,13.913,14.244777777777777
2024-12-12,12.65,13.327,13.882,14.222,14.885,14.865,14.495,13.73,13.644,13.966666666666669
2024-12-11,12.655,13.405,13.898,14.292,14.455,14.54,14.275,13.645,13.517,13.853555555555555
2024-12-10,12.65,13.395,13.95,14.32,14.71,14.865,14.63,13.915,13.78,14.023888888888889
2024-12-09,12.635,13.4,14.04,14.45,14.73,14.955,14.735,14.26,14.18,14.153888888888892
2024-12-06,12.5,13.22,13.81,14.221,14.446,14.406,14.199,13.804,13.696,13.811333333333334
2024-12-05,12.46,13.14,13.755,14.134,14.34,14.292,14.085,13.695,13.587,13.72088888888889
2024-12-04,12.455,13.175,13.74,14.05,14.23,14.315,14.17,13.855,13.752,13.749111111111112
2024-12-03,12.385,13.105,13.65,13.975,14.167,14.31,14.195,13.88,13.79,13.717444444444444
2024-12-02,12.295,12.975,13.49,13.77,13.932,13.985,13.84,13.59,13.505,13.48688888888889
2024-11-29,12.405,13.14,13.66,13.92,14.06,14.065,13.865,13.58,13.472,13.57411111111111
2024-11-28,12.29,12.995,13.49,13.76,13.922,13.95,13.83,13.56,13.453,13.472222222222221
2024-11-27,12.215,12.79,13.235,13.495,13.648,13.68,13.51,13.3,13.195,13.229777777777777
2024-11-25,12.065,12.59,12.99,13.271,13.423,13.284,13.115,12.865,12.785,12.931999999999999
2024-11-22,12.047,12.573,12.966,13.213,13.375,13.395,13.22,12.98,12.88,12.961
2024-11-21,12.02,12.535,12.9,13.142,13.302,13.33,13.16,12.9,12.833,12.902444444444445
2024-11-19,11.99,12.555,12.95,13.225,13.38,13.425,13.27,13.0,12.925,12.96888888888889
2024-11-18,12.02,12.585,12.99,13.28,13.41,13.435,13.27,13.01,12.903,12.989222222222223
2024-11-14,11.41,11.975,12.495,12.89,13.3,13.345,13.185,13.055,12.9,12.728333333333333
2024-11-12,11.386,11.91,12.495,12.915,13.339,13.26,13.106,12.99,12.835,12.692888888888888
2024-11-11,11.408,11.985,12.51,12.9,13.235,13.22,13.025,12.88,12.72,12.653666666666666
2024-11-08,11.402,11.98,12.48,12.855,13.19,13.175,13.025,12.905,12.755,12.640777777777778
2024-11-07,11.355,11.9,12.42,12.808,13.164,13.022,12.945,12.887,12.728,12.581
2024-11-06,11.338,11.87,12.3,12.635,12.935,12.955,12.91,12.855,12.715,12.501444444444445
2024-11-05,11.332,11.87,12.3,12.635,12.94,12.965,12.99,12.945,12.82,12.532999999999996
2024-11-04,11.312,11.885,12.355,12.715,13.052,13.11,13.14,13.097,12.97,12.626222222222221
2024-11-01,11.295,11.79,12.245,12.605,13.003,12.968,12.99,12.965,12.825,12.520666666666667
2024-10-31,11.282,11.775,12.205,12.56,12.898,12.97,12.983,12.975,12.85,12.499777777777776
2024-10-30,11.278,11.77,12.18,12.55,12.853,12.925,12.955,12.945,12.83,12.476222222222225
2024-10-29,11.266,11.76,12.19,12.51,12.825,12.9,12.93,12.92,12.8,12.455666666666666
2024-10-28,11.26,11.75,12.17,12.48,12.795,12.845,12.835,12.818,12.7,12.405888888888889
2024-10-25,11.238,11.72,12.095,12.407,12.76,12.83,12.845,12.818,12.7,12.379222222222221
2024-10-24,11.232,11.685,12.125,12.44,12.788,12.86,12.818,12.908,12.785,12.404555555555554
2024-10-23,11.228,11.735,12.19,12.51,12.882,12.97,12.918,13.007,12.88,12.479999999999999
2024-10-22,11.208,11.695,12.15,12.47,12.815,12.895,12.838,12.927,12.81,12.42311111111111
2024-10-21,11.198,11.7,12.155,12.485,12.837,12.92,12.858,12.983,12.87,12.445111111111112
2024-10-18,11.198,11.72,12.18,12.5,12.855,12.94,12.99,13.012,12.89,12.476111111111111
2024-10-17,11.18,11.71,12.185,12.485,12.81,12.875,12.93,12.97,12.85,12.443888888888889
2024-10-16,11.16,11.665,12.095,12.425,12.74,12.765,12.78,12.833,12.74,12.355888888888888
2024-10-15,11.121,11.66,12.12,12.4,12.615,12.57,12.555,12.56,12.44,12.226777777777777
2024-10-14,11.128,11.645,12.07,12.345,12.66,12.66,12.63,12.653,12.53,12.257888888888889
2024-10-11,11.138,11.695,12.155,12.455,12.83,12.865,12.84,12.835,12.71,12.391444444444444
2024-10-10,11.116,11.65,12.095,12.37,12.675,12.65,12.54,12.6,12.46,12.239555555555556
2024-10-09,11.11,11.63,12.08,12.335,12.597,12.545,12.465,12.545,12.41,12.190777777777777
2024-10-08,11.084,11.57,11.945,12.153,12.373,12.28,12.207,12.273,12.16,12.004999999999999
2024-10-07,11.058,11.575,11.975,12.195,12.44,12.36,12.351,12.4,12.28,12.070444444444444
2024-10-04,11.04,11.555,11.955,12.185,12.432,12.385,12.405,12.443,12.33,12.081111111111111
2024-10-03,11.006,11.485,11.87,12.085,12.337,12.305,12.365,12.422,12.31,12.020555555555553
2024-10-02,10.973,11.47,11.835,12.055,12.302,12.275,12.32,12.398,12.3,11.992
2024-10-01,10.944,11.48,11.855,12.095,12.37,12.36,12.445,12.523,12.42,12.054666666666664
2024-09-30,10.935,11.5,11.87,12.155,12.43,12.415,12.465,12.538,12.41,12.079777777777778
2024-09-27,10.915,11.44,11.84,12.115,12.33,12.31,12.292,12.425,12.3,11.996333333333332
2024-09-26,10.925,11.43,11.795,12.035,12.215,12.19,12.187,12.33,12.21,11.924111111111111
2024-09-25,10.91,11.38,11.74,11.955,12.15,12.15,12.202,12.368,12.26,11.901666666666666
2024-09-24,10.94,11.4,11.765,11.98,12.185,12.205,12.257,12.415,12.3,11.938555555555558
2024-09-23,10.975,11.49,11.875,12.11,12.35,12.42,12.421,12.632,12.54,12.090333333333332
2024-09-20,10.98,11.45,11.81,12.035,12.255,12.265,12.307,12.465,12.345,11.990222222222224
2024-09-19,10.925,11.39,11.715,11.905,12.063,12.065,12.068,12.215,12.14,11.831777777777779
2024-09-18,10.88,11.255,11.475,11.62,11.762,11.78,11.829,11.998,11.93,11.614333333333333
2024-09-17,10.88,11.305,11.558,11.72,11.885,11.823,11.984,12.074,12.042,11.696777777777775
2024-09-16,10.905,11.315,11.568,11.726,11.87,11.895,11.939,12.057,12.01,11.698333333333332
2024-09-13,10.91,11.305,11.57,11.735,11.85,11.85,11.96,12.01,11.95,11.682222222222224
2024-09-12,10.895,11.31,11.501,11.676,11.885,11.865,11.99,12.04,11.99,11.683555555555552
2024-09-11,10.88,11.26,11.49,11.67,11.815,11.775,11.885,11.887,11.83,11.610222222222223
2024-09-10,10.865,11.235,11.46,11.632,11.8,11.76,11.89,11.892,11.83,11.596
2024-09-09,10.875,11.26,11.505,11.65,11.775,11.73,11.85,11.863,11.8,11.589777777777776
2024-09-06,10.86,11.245,11.475,11.605,11.745,11.725,11.86,11.89,11.83,11.581666666666667
2024-09-05,10.835,11.215,11.48,11.62,11.779,11.699,11.89,11.947,11.889,11.594888888888889
2024-09-04,10.9,11.28,11.535,11.69,11.855,11.865,11.984,12.078,12.03,11.690777777777777
2024-09-03,10.915,11.345,11.645,11.805,11.945,11.96,12.069,12.177,12.12,11.77566666666667
2024-09-02,10.91,11.325,11.63,11.75,11.895,11.99,12.128,12.222,12.19,11.782222222222222
2024-08-30,10.945,11.38,11.63,11.783,11.927,12.01,12.139,12.245,12.19,11.805444444444445
2024-08-29,10.94,11.36,11.62,11.745,11.828,11.815,11.878,11.967,11.91,11.673666666666666
2024-08-28,10.765,11.175,11.498,11.622,11.702,11.577,11.713,11.773,11.68,11.500555555555556
2024-08-27,10.755,11.14,11.38,11.478,11.569,11.465,11.609,11.696,11.64,11.414666666666667
2024-08-26,10.74,11.08,11.325,11.46,11.427,11.43,11.605,11.67,11.64,11.375222222222222
2024-08-23,10.735,11.085,11.31,11.46,11.498,11.52,11.64,11.7,11.64,11.398666666666667
2024-08-22,10.745,11.135,11.35,11.52,11.6,11.63,11.725,11.773,11.7,11.464222222222222
2024-08-21,10.695,11.055,11.29,11.435,11.49,11.455,11.565,11.6,11.56,11.349444444444444
2024-08-20,10.69,11.085,11.325,11.465,11.535,11.371,11.422,11.523,11.456,11.31911111111111
2024-08-19,10.74,11.135,11.342,11.5,11.53,11.415,11.367,11.46,11.39,11.31988888888889
2024-08-16,10.745,11.155,11.37,11.565,11.635,11.565,11.555,11.552,11.5,11.404666666666666
2024-08-15,10.434,10.7,11.09,11.27,11.565,11.53,11.58,11.605,11.55,11.258222222222223
2024-08-14,10.426,10.65,11.005,11.177,11.43,11.38,11.46,11.493,11.44,11.162333333333331
2024-08-13,10.428,10.645,11.035,11.235,11.475,11.4,11.43,11.51,11.41,11.174222222222221
2024-08-12,10.426,10.625,11.02,11.215,11.56,11.5,11.57,11.625,11.54,11.231222222222222
2024-08-09,10.428,10.635,11.035,11.27,11.6,11.58,11.64,11.698,11.64,11.280666666666667
2024-08-08,10.414,10.62,11.0,11.243,11.645,11.705,11.82,11.885,11.84,11.352444444444446
2024-08-07,10.416,10.585,10.94,11.192,11.625,11.557,11.697,11.812,11.76,11.28711111111111
2024-08-06,10.42,10.58,10.932,11.161,11.575,11.62,11.711,11.88,11.83,11.301
2024-08-05,10.408,10.485,10.727,10.94,11.36,11.405,11.585,11.815,11.78,11.167222222222222
2024-08-02,10.391,10.51,10.838,10.99,11.436,11.423,11.672,11.812,11.778,11.205555555555556
2024-08-01,10.389,10.54,10.918,11.163,11.702,11.687,11.911,12.021,11.978,11.367666666666667
2024-07-31,10.432,10.635,11.0,11.27,11.775,11.83,11.99,12.05,11.985,11.440777777777777
2024-07-30,10.436,10.62,10.985,11.248,11.8,11.9,12.08,12.158,12.085,11.479111111111113
2024-07-29,10.433,10.65,11.035,11.31,11.856,11.846,12.06,12.162,12.096,11.494222222222223
2024-07-26,10.476,10.675,11.047,11.297,11.8,11.865,12.085,12.19,12.135,11.507777777777779
2024-07-25,10.478,10.675,11.08,11.337,11.877,12.0,12.215,12.302,12.245,11.578777777777779
2024-07-24,10.423,10.595,10.94,11.203,11.71,11.752,12.036,12.191,12.142,11.443555555555555
2024-07-23,10.431,10.585,10.895,11.122,11.645,11.692,11.996,12.151,12.112,11.40322222222222
2024-07-22,10.446,10.595,10.85,11.03,11.49,11.6,11.896,12.05,12.015,11.330222222222222
2024-07-19,10.452,10.575,10.835,11.075,11.475,11.605,11.93,12.087,12.07,11.34488888888889
2024-07-18,10.464,10.615,10.875,11.065,11.515,11.645,11.94,12.1,12.06,11.364333333333333
2024-07-17,10.44,10.525,10.735,10.885,11.275,11.41,11.755,11.94,11.91,11.208333333333332
2024-07-16,10.444,10.51,10.7,10.835,11.215,11.355,11.69,11.87,11.83,11.161000000000001
2024-07-15,10.446,10.53,10.76,10.905,11.29,11.415,11.705,11.855,11.82,11.191777777777778
2024-07-12,10.442,10.5,10.705,10.833,11.2,11.3,11.57,11.75,11.68,11.108888888888888
2024-07-11,10.406,10.46,10.675,10.808,11.221,11.225,11.513,11.698,11.636,11.071333333333333
2024-07-10,10.43,10.47,10.663,10.79,11.2,11.31,11.538,11.77,11.71,11.097888888888889
2024-07-09,10.44,10.535,10.76,10.91,11.318,11.465,11.722,11.945,11.88,11.219444444444443
2024-07-08,10.428,10.525,10.77,10.93,11.385,11.545,11.852,12.025,11.96,11.26888888888889
2024-07-05,10.366,10.539,10.74,10.905,11.394,11.484,11.817,12.002,11.938,11.242777777777778
2024-07-04,10.398,10.585,10.79,10.983,11.46,11.635,11.897,12.13,12.03,11.32311111111111
2024-07-03,10.386,10.624,10.905,11.115,11.682,11.768,12.096,12.259,12.194,11.447666666666668
2024-07-02,10.429,10.735,11.09,11.343,11.956,12.042,12.34,12.509,12.469,11.657000000000002
2024-07-01,10.45,10.715,11.07,11.323,11.892,12.09,12.365,12.485,12.43,11.646666666666667
2024-06-28,10.39,10.575,10.855,11.137,11.642,11.875,12.156,12.375,12.33,11.481666666666667
2024-06-27,10.355,10.49,10.765,10.954,11.507,11.76,12.046,12.285,12.25,11.379111111111111
2024-06-26,10.325,10.485,10.715,10.941,11.36,11.625,11.917,12.132,12.11,11.29
2024-06-25,10.265,10.43,10.645,10.83,11.28,11.43,11.839,12.029,11.995,11.193666666666665
2024-06-24,10.28,10.4,10.58,10.815,11.251,11.426,11.792,11.96,11.925,11.158777777777777
2024-06-21,10.285,10.455,10.683,10.915,11.447,11.6,11.967,12.162,12.115,11.29211111111111
2024-06-20,10.3,10.445,10.655,10.881,11.377,11.52,11.907,12.102,12.065,11.250222222222222
2024-06-19,10.38,10.57,10.865,11.028,11.525,11.7,12.055,12.23,12.18,11.392555555555553
2024-06-18,10.28,10.525,10.773,10.98,11.459,11.534,11.859,12.035,12.003,11.271999999999998
2024-06-17,10.295,10.51,10.775,10.985,11.395,11.545,11.88,12.05,12.03,11.273888888888887
2024-06-14,10.305,10.485,10.73,10.872,11.37,11.525,11.895,12.08,12.06,11.258
2024-06-13,10.29,10.475,10.705,10.957,11.355,11.515,11.945,12.158,12.15,11.283333333333333
2024-06-12,10.325,10.51,10.755,10.983,11.415,11.59,11.985,12.167,12.15,11.32
2024-06-11,10.315,10.455,10.705,10.905,11.337,11.47,11.835,11.985,11.98,11.220777777777776
2024-06-10,10.35,10.515,10.81,11.01,11.448,11.585,11.925,12.068,12.05,11.306777777777777
2024-06-07,10.23,10.32,10.57,10.985,11.08,11.178,11.586,11.87,11.88,11.077666666666666
2024-06-06,10.25,10.325,10.53,10.625,11.007,11.14,11.54,11.76,11.78,10.995222222222223
2024-06-04,10.25,10.285,10.498,10.607,11.014,11.083,11.539,11.783,11.801,10.984444444444444
2024-06-03,10.275,10.305,10.485,10.604,10.983,11.14,11.615,11.842,11.87,11.013222222222222
2024-05-31,10.3,10.315,10.485,10.6,10.96,11.12,11.575,11.825,11.84,11.002222222222223
2024-05-29,10.3,10.32,10.48,10.651,10.915,11.009,11.493,11.818,11.84,10.980666666666668
2024-05-28,10.28,10.275,10.42,10.517,10.815,10.955,11.425,11.68,11.7,10.896333333333333
2024-05-27,10.28,10.295,10.44,10.544,10.887,11.0,11.425,11.658,11.67,10.911
2024-05-24,10.295,10.31,10.475,10.631,10.955,11.075,11.475,11.695,11.71,10.95788888888889
2024-05-23,10.29,10.31,10.45,10.569,10.927,11.065,11.5,11.72,11.75,10.953444444444443
2024-05-22,10.606,10.501,10.531,10.579,10.469,11.024,11.5,11.755,11.762,10.969666666666667
2024-05-21,10.295,10.295,10.39,10.485,10.802,10.955,11.395,11.62,11.68,10.879666666666667
2024-05-20,10.305,10.315,10.417,10.525,10.863,11.025,11.53,11.714,11.76,10.939333333333332
2024-05-17,10.305,10.305,10.395,10.49,10.81,10.965,11.45,11.637,11.69,10.89411111111111
2024-05-16,10.342,10.29,10.28,10.43,10.705,10.855,11.34,11.53,11.59,10.818000000000001
2024-05-15,10.344,10.29,10.28,10.35,10.69,10.825,11.285,11.515,11.55,10.79211111111111
2024-05-14,10.324,10.28,10.255,10.347,10.72,10.87,11.36,11.59,11.66,10.82288888888889
2024-05-13,10.316,10.255,10.225,10.325,10.738,10.915,11.445,11.698,11.76,10.853000000000002
2024-05-10,10.224,10.45,10.215,10.315,10.715,10.9,11.435,11.703,11.724,10.853444444444444
2024-05-09,10.658,10.427,10.334,10.323,10.205,10.781,11.331,11.602,11.675,10.815111111111111
2024-05-08,10.615,10.382,10.27,10.283,10.17,10.706,11.187,11.457,11.507,10.730777777777778
2024-05-07,10.61,10.396,10.248,10.267,10.113,10.646,11.102,11.37,11.475,10.69188888888889
2024-05-06,10.61,10.389,10.12,10.267,10.151,10.725,11.142,11.41,11.53,10.704888888888888
2024-05-03,10.61,10.07,10.05,10.145,10.477,10.6,11.115,11.344,11.46,10.652333333333335
2024-05-02,10.224,10.384,10.241,10.249,10.146,10.73,11.182,11.467,11.53,10.683666666666667
2024-04-30,10.276,10.15,10.19,10.32,10.75,10.98,11.465,11.75,11.795,10.85288888888889
2024-04-29,10.667,10.338,10.201,10.203,10.099,10.682,11.229,11.523,11.607,10.727666666666666
2024-04-26,10.681,10.373,10.251,10.259,10.143,10.727,11.252,11.538,11.587,10.756777777777778
2024-04-25,10.743,10.455,10.351,10.383,10.264,10.851,11.326,11.601,11.634,10.845333333333333
2024-04-24,10.321,10.317,10.154,10.304,10.735,10.796,11.266,11.514,11.524,10.770111111111111
2024-04-23,10.732,10.54,10.399,10.369,10.254,10.782,11.267,11.524,11.557,10.824888888888887
2024-04-22,10.732,10.538,10.366,10.316,10.17,10.687,11.157,11.425,11.448,10.759888888888888
2024-04-19,10.36,10.305,10.285,10.355,10.665,10.755,11.19,11.43,11.45,10.755
2024-04-18,10.37,10.35,10.36,10.465,10.89,10.985,11.365,11.552,11.55,10.876333333333331
2024-04-17,10.36,10.365,10.37,10.48,10.945,11.06,11.475,11.685,11.72,10.940000000000001
2024-04-16,10.348,10.215,10.215,10.328,10.792,10.995,11.52,11.78,11.83,10.891444444444444
2024-04-15,10.202,10.095,10.01,10.145,10.535,10.695,11.245,11.545,11.6,10.674666666666665
2024-04-12,10.543,10.283,10.045,10.084,9.941,10.483,11.013,11.339,11.383,10.568222222222223
2024-04-11,10.525,10.286,10.049,10.052,9.865,10.427,10.969,11.257,11.303,10.52588888888889
2024-04-03,10.302,10.015,9.88,9.888,10.105,10.33,10.87,11.15,11.2,10.415555555555557
2024-04-02,10.304,9.98,9.9,9.88,10.097,10.295,10.82,11.1,11.155,10.392333333333333
2024-04-01,10.306,9.97,9.875,9.845,10.08,10.255,10.75,11.035,11.07,10.354000000000001
2024-03-28,10.798,10.035,9.88,9.85,9.953,10.185,10.67,10.938,10.977,10.365111111111112
2024-03-27,10.798,10.05,9.87,9.825,9.913,10.145,10.623,10.877,10.93,10.336777777777776
2024-03-26,10.804,10.11,9.91,9.83,9.927,10.155,10.625,10.885,10.94,10.354000000000001
2024-03-25,10.777,10.11,9.875,9.78,9.863,10.09,10.575,10.847,10.9,10.313
2024-03-22,10.784,10.145,9.9,9.8,9.87,10.1,10.585,10.85,10.92,10.328222222222221
2024-03-21,10.784,10.175,9.96,9.825,9.905,10.12,10.59,10.863,10.92,10.34911111111111
2024-03-20,10.866,10.19,9.97,9.81,9.87,10.1,10.59,10.85,10.9,10.349555555555556
2024-03-19,10.916,10.235,10.005,9.865,9.91,10.145,10.63,10.892,10.95,10.39422222222222
2024-03-18,10.944,10.245,9.965,9.89,9.988,10.24,10.715,10.98,11.02,10.443
2024-03-15,10.954,10.24,9.93,9.82,9.873,10.095,10.575,10.825,10.865,10.353
2024-03-14,10.97,10.24,9.915,9.78,9.818,10.055,10.53,10.785,10.815,10.32311111111111
2024-03-13,10.984,10.23,9.845,9.74,9.708,9.935,10.405,10.667,10.71,10.24711111111111
2024-03-12,11.559,10.66,10.082,9.779,9.389,9.929,10.399,10.648,10.679,10.347111111111111
2024-03-11,10.99,10.34,9.895,9.775,9.773,10.02,10.465,10.708,10.815,10.309
2024-03-08,10.996,10.38,10.01,9.835,9.81,10.04,10.49,10.73,10.8,10.343444444444446
2024-03-07,10.996,10.385,9.978,9.815,9.748,9.965,10.385,10.62,10.683,10.286111111111113
2024-03-06,11.006,10.4,9.993,9.805,9.722,9.94,10.355,10.578,10.651,10.272222222222222
2024-03-05,11.593,10.788,10.238,9.912,9.401,9.927,10.335,10.559,10.613,10.374
2024-03-04,11.569,10.79,10.066,9.941,9.441,10.025,10.382,10.616,10.705,10.392777777777779
2024-03-01,11.012,10.435,10.08,9.9,9.805,10.02,10.435,10.675,10.74,10.344666666666665
2024-02-29,11.02,10.45,10.1,9.905,9.845,10.065,10.475,10.705,10.771,10.370666666666667
2024-02-28,11.024,10.455,10.128,9.95,9.885,10.12,10.533,10.765,10.846,10.411777777777779
2024-02-27,11.026,10.46,10.114,9.9,9.86,10.085,10.517,10.755,10.828,10.393888888888888
2024-02-26,11.036,10.485,10.151,10.03,9.98,10.19,10.592,10.828,10.872,10.462666666666667
2024-02-23,11.036,10.505,10.153,9.975,9.89,10.105,10.505,10.74,10.81,10.413222222222222
2024-02-22,11.036,10.515,10.155,9.98,9.9,10.1,10.52,10.743,10.786,10.415
2024-02-21,11.044,10.53,10.155,9.955,9.835,10.035,10.435,10.66,10.716,10.373888888888889
2024-02-20,11.05,10.54,10.16,9.945,9.85,10.045,10.435,10.665,10.725,10.379444444444443
2024-02-19,11.599,10.885,10.384,10.038,9.539,10.062,10.45,10.675,10.732,10.48488888888889
2024-02-16,11.058,10.56,10.198,10.01,9.94,10.14,10.535,10.752,10.782,10.441666666666666
2024-02-15,11.072,10.535,10.184,9.965,9.855,10.06,10.495,10.727,10.782,10.408333333333335
2024-02-14,11.068,10.585,10.207,9.985,9.87,10.07,10.49,10.715,10.787,10.419666666666666
2024-02-09,11.066,10.59,10.196,9.965,9.81,9.995,10.415,10.635,10.75,10.380222222222223
2024-02-08,11.062,10.595,10.202,9.965,9.84,10.035,10.43,10.66,10.77,10.395444444444443
2024-02-07,11.07,10.58,10.189,9.925,9.745,9.935,10.345,10.58,10.603,10.330222222222222
2024-02-06,11.066,10.58,10.18,9.915,9.72,9.895,10.295,10.535,10.65,10.315111111111111
2024-02-05,11.074,10.605,10.204,9.97,9.81,10.005,10.4,10.655,10.678,10.37788888888889
2024-02-02,11.07,10.62,9.929,9.96,9.79,9.975,10.365,10.605,10.74,10.339333333333334
2024-02-01,11.072,10.61,10.175,9.92,9.68,9.845,10.26,10.51,10.62,10.299111111111111
2024-01-31,11.082,10.615,10.189,9.92,9.685,9.86,10.275,10.54,10.66,10.314
2024-01-30,11.102,10.65,10.215,9.985,9.78,9.97,10.38,10.637,10.672,10.376777777777777
2024-01-29,11.106,10.63,10.194,9.97,9.73,9.93,10.35,10.61,10.73,10.36111111111111
2024-01-26,11.118,10.635,10.184,9.935,9.68,9.865,10.285,10.53,10.571,10.311444444444444
2024-01-25,11.134,10.665,10.219,10.03,9.77,9.95,10.363,10.615,10.671,10.379666666666667
2024-01-24,11.104,10.64,10.223,10.0,9.788,9.965,10.365,10.61,10.71,10.378333333333334
2024-01-23,11.064,10.62,10.229,10.015,9.837,10.03,10.435,10.69,10.74,10.406666666666666
2024-01-22,11.076,10.605,10.228,10.02,9.852,10.065,10.45,10.7,10.83,10.425111111111113
2024-01-19,11.082,10.6,10.251,10.015,9.852,10.025,10.405,10.67,10.711,10.401222222222222
2024-01-18,11.102,10.605,10.232,10.005,9.83,10.03,10.427,10.698,10.82,10.416555555555554
2024-01-17,11.122,10.605,10.256,9.995,9.835,10.03,10.41,10.665,10.8,10.413111111111112
2024-01-16,11.106,10.645,10.264,10.08,9.873,10.075,10.425,10.645,10.671,10.420444444444444
2024-01-15,11.116,10.64,10.245,10.025,9.715,9.875,10.225,10.445,10.515,10.311222222222222
2024-01-12,11.098,10.63,10.276,10.025,9.735,9.895,10.235,10.47,10.59,10.328222222222223
2024-01-11,11.12,10.67,10.298,10.12,9.895,10.035,10.328,10.555,10.65,10.407888888888888
2024-01-10,11.148,10.71,10.3,10.1,9.88,10.025,10.36,10.58,10.7,10.422555555555554
2024-01-09,11.2,10.735,10.308,10.075,9.835,10.005,10.35,10.575,10.72,10.422555555555554
2024-01-08,11.25,10.75,10.291,10.04,9.785,9.95,10.295,10.528,10.624,10.390333333333334
2024-01-05,11.226,10.75,10.278,10.025,9.775,9.94,10.285,10.515,10.67,10.384888888888888
2024-01-04,11.268,10.735,10.215,10.035,9.81,9.965,10.29,10.52,10.65,10.387555555555558
2024-01-03,11.272,10.755,10.153,10.025,9.74,9.89,10.19,10.385,10.53,10.326666666666668
2024-01-02,11.126,10.62,10.107,9.855,9.755,9.925,10.195,10.39,10.422,10.26611111111111
2023-12-28,11.95,11.11,10.69,10.176,9.727,9.87,10.1,10.26,10.361,10.471555555555558
2023-12-27,11.898,11.11,10.67,10.223,9.655,9.77,10.042,10.23,10.36,10.439777777777778
2023-12-15,11.78,11.145,10.62,10.283,9.8,9.87,10.235,10.49,10.622,10.538333333333334
2023-12-14,11.778,11.175,10.62,10.301,9.805,9.865,10.28,10.545,10.83,10.577666666666666
2023-12-13,11.798,11.185,10.705,10.357,9.96,10.045,10.46,10.725,10.769,10.66711111111111
2023-12-12,11.823,11.22,10.74,10.425,10.045,10.12,10.52,10.785,10.98,10.739777777777778
2023-12-11,11.846,11.24,10.765,10.477,10.105,10.195,10.605,10.84,11.05,10.791444444444446
2023-12-08,11.886,11.235,10.785,10.498,10.145,10.23,10.615,10.83,10.862,10.787333333333331
2023-12-07,12.583,11.642,10.988,10.473,10.039,10.107,10.521,10.724,10.862,10.88211111111111
2023-12-06,11.922,11.24,10.795,10.501,10.105,10.18,10.575,10.785,10.96,10.784777777777776
2023-12-05,11.964,11.235,10.86,10.548,10.17,10.275,10.675,10.895,10.977,10.844333333333333
2023-12-04,11.982,11.285,10.835,10.502,10.125,10.245,10.665,10.885,10.962,10.83177777777778
2023-12-01,12.657,11.707,11.054,10.471,10.017,10.062,10.479,10.684,10.797,10.880888888888887
2023-11-30,11.994,11.295,10.875,10.502,10.125,10.195,10.575,10.77,10.892,10.802555555555555
2023-11-29,12.018,11.325,10.905,10.574,10.188,10.23,10.6,10.8,10.94,10.84222222222222
2023-11-28,12.024,11.345,10.93,10.575,10.2,10.27,10.62,10.83,10.9,10.854888888888889
2023-11-27,12.05,11.375,10.92,10.561,10.21,10.33,10.73,10.93,11.08,10.909555555555555
2023-11-24,12.058,11.375,10.935,10.59,10.31,10.43,10.835,11.02,11.112,10.962777777777779
2023-11-23,12.066,11.385,10.955,10.625,10.34,10.425,10.81,11.01,11.059,10.963888888888889
2023-11-22,12.064,11.395,10.965,10.629,10.35,10.44,10.82,10.98,11.033,10.964000000000002
2023-11-21,12.712,11.798,11.186,10.75,10.422,10.476,10.855,11.026,11.108,11.148111111111112
2023-11-20,12.714,11.79,11.148,10.611,10.278,10.322,10.717,10.899,11.002,11.053444444444445
2023-11-17,12.062,11.38,10.925,10.575,10.25,10.32,10.705,10.915,11.002,10.903777777777778
2023-11-16,12.068,11.45,10.965,10.651,10.335,10.415,10.815,11.005,11.14,10.982666666666667
2023-11-14,12.064,11.41,10.975,10.691,10.395,10.5,10.88,11.065,11.152,11.014666666666665
2023-11-13,12.719,11.833,11.268,10.844,10.653,10.716,11.073,11.253,11.314,11.297
2023-11-10,12.074,11.45,11.07,10.85,10.615,10.715,11.09,11.27,11.41,11.171555555555555
2023-11-09,12.073,11.49,11.115,10.901,10.68,10.735,11.13,11.32,11.391,11.203888888888889
2023-11-08,12.072,11.47,11.145,10.902,10.685,10.775,11.15,11.31,11.46,11.218777777777781
2023-11-07,12.078,11.51,11.125,10.916,10.68,10.8,11.18,11.385,11.461,11.237222222222224
2023-11-06,12.709,11.555,11.401,10.968,10.778,10.916,11.285,11.486,11.571,11.407666666666666
2023-11-03,12.074,11.55,11.2,10.95,10.695,10.815,11.2,11.39,11.45,11.258222222222223
2023-11-01,12.712,11.995,11.484,11.038,10.962,11.121,11.481,11.655,11.651,11.566555555555555
2023-10-31,12.736,12.033,11.564,11.139,11.097,11.251,11.576,11.752,11.8,11.660888888888886
2023-10-30,12.138,11.68,11.415,11.204,11.125,11.285,11.67,11.86,11.99,11.596333333333332
2023-10-27,12.138,11.665,11.315,11.09,10.845,11.0,11.425,11.65,11.8,11.436444444444444
2023-10-26,12.152,11.64,11.26,10.955,10.705,10.85,11.29,11.49,11.66,11.333555555555556
2023-10-25,12.16,11.695,11.34,11.065,10.885,11.09,11.49,11.705,11.86,11.476666666666667
2023-10-24,12.174,11.685,11.415,11.075,10.91,11.13,11.5,11.715,11.85,11.494888888888887
2023-10-23,12.786,12.115,11.59,11.196,11.042,11.261,11.644,11.847,11.917,11.710888888888888
2023-10-20,12.177,11.73,11.385,11.124,11.02,11.255,11.645,11.84,11.91,11.565111111111111
2023-10-19,12.193,11.76,11.455,11.233,11.16,11.375,11.72,11.91,12.02,11.647333333333332
2023-10-18,12.203,11.755,11.4,11.173,10.935,11.13,11.465,11.66,11.81,11.503444444444446
2023-10-17,12.809,12.127,11.536,11.113,10.802,10.986,11.39,11.637,11.774,11.57488888888889
2023-10-16,12.81,12.142,11.539,11.073,10.766,10.931,11.333,11.583,11.741,11.546444444444443
2023-10-13,12.228,11.825,11.45,11.14,10.88,11.075,11.465,11.71,11.853,11.514
2023-10-11,12.24,11.8,11.38,11.045,10.745,10.93,11.35,11.6,11.626,11.412888888888888
2023-10-10,12.228,11.765,11.3,10.921,10.64,10.88,11.33,11.58,11.79,11.381555555555556
2023-10-09,12.23,11.785,11.32,10.984,10.725,11.005,11.45,11.685,11.88,11.451555555555556
2023-10-06,12.787,12.166,11.616,11.217,10.682,11.391,11.829,12.052,12.205,11.771666666666668
2023-10-05,12.781,12.104,11.531,11.09,10.491,11.168,11.619,11.852,11.991,11.625222222222222
2023-10-04,12.782,12.113,11.543,11.089,10.514,11.189,11.604,11.817,11.948,11.62211111111111
2023-10-03,12.785,12.179,11.644,11.229,10.629,11.278,11.686,11.899,12.04,11.707666666666666
2023-10-02,12.209,11.845,11.46,11.13,10.883,11.118,11.536,11.735,11.91,11.536222222222221
2023-09-29,12.25,11.795,11.38,11.003,10.73,10.975,11.405,11.63,11.711,11.431
2023-09-28,12.185,11.805,11.465,11.11,10.9,11.175,11.58,11.83,11.87,11.546666666666667
2023-09-27,12.722,12.092,11.516,11.019,10.809,11.256,11.686,11.925,11.91,11.659444444444443
2023-09-26,12.195,11.7,11.225,10.871,10.565,10.915,11.42,11.68,11.84,11.379
2023-09-25,12.21,11.7,11.185,10.794,10.425,10.73,11.24,11.465,11.587,11.259555555555556
2023-09-22,12.652,12.235,11.71,11.165,10.335,10.595,11.085,11.295,11.5,11.39688888888889
2023-09-21,12.65,12.255,11.725,11.195,10.37,10.61,11.075,11.295,11.49,11.407222222222224
2023-09-20,13.503,12.772,12.021,11.283,9.886,10.462,10.939,11.144,11.332,11.482444444444447
2023-09-19,12.76,12.255,11.735,11.17,10.295,10.545,11.025,11.25,11.43,11.385
2023-09-18,13.609,12.82,12.052,11.283,9.852,10.427,10.929,11.124,11.272,11.485333333333335
2023-09-15,12.83,12.27,11.71,11.135,10.185,10.4,10.92,11.15,11.34,11.326666666666668
2023-09-14,13.668,12.819,12.024,11.12,9.792,10.325,10.809,11.034,11.175,11.418444444444445
2023-09-13,13.667,12.811,12.017,11.224,9.769,10.321,10.828,11.049,11.212,11.433111111111112
2023-09-12,12.896,12.3,11.725,11.16,10.2,10.405,10.875,11.1,11.29,11.327888888888888
2023-09-11,12.91,12.33,11.78,11.23,10.31,10.5,10.95,11.17,11.292,11.385777777777779
2023-09-08,12.928,12.35,11.805,11.265,10.355,10.575,11.02,11.22,11.41,11.436444444444444
2023-09-06,12.94,12.375,11.84,11.3,10.43,10.635,11.06,11.25,11.42,11.472222222222221
2023-09-05,13.746,12.895,12.151,11.429,9.995,10.532,10.943,11.097,11.205,11.554777777777778
2023-09-04,13.751,12.903,12.165,11.442,9.979,10.462,10.861,11.024,11.142,11.525444444444444
2023-09-01,12.972,12.39,11.86,11.32,10.375,10.485,10.88,11.05,11.118,11.383333333333333
2023-08-31,13.748,12.877,12.12,11.352,9.908,10.427,10.831,10.999,11.152,11.490444444444442
2023-08-30,13.764,12.891,12.113,11.33,9.773,10.184,10.575,10.74,10.859,11.358777777777776
2023-08-29,13.775,12.911,12.13,11.363,9.826,10.224,10.634,10.809,10.962,11.403777777777778
2023-08-28,13.005,12.405,11.87,11.315,10.305,10.37,10.775,10.97,11.18,11.354999999999999
2023-08-25,13.011,12.415,11.875,11.31,10.255,10.35,10.775,10.97,11.19,11.350111111111111
2023-08-24,13.78,12.896,12.09,11.312,9.747,10.237,10.704,10.917,11.067,11.416666666666666
2023-08-23,13.78,12.4,11.825,11.24,10.195,10.315,10.75,10.925,11.13,11.395555555555553
2023-08-22,13.027,12.4,11.85,11.3,10.31,10.48,10.915,11.105,11.31,11.41077777777778
2023-08-21,13.031,12.43,11.9,11.36,10.41,10.605,11.055,11.245,11.392,11.491999999999999
2023-08-18,13.033,12.41,11.86,11.3,10.285,10.43,10.89,11.09,11.29,11.398666666666665
2023-08-17,13.035,12.425,11.89,11.335,10.325,10.47,10.95,11.15,11.37,11.43888888888889
2023-08-16,13.039,12.415,11.88,11.31,10.21,10.305,10.78,10.99,11.21,11.348777777777778
2023-08-15,13.038,12.445,11.9,11.33,10.215,10.3,10.78,10.99,11.2,11.355333333333332
2023-08-14,13.043,12.445,11.88,11.29,10.155,10.235,10.725,10.92,11.11,11.311444444444444
2023-08-11,13.041,12.425,11.83,11.22,10.05,10.13,10.61,10.81,10.926,11.226888888888888
2023-08-10,13.051,12.445,11.845,11.265,10.09,10.135,10.615,10.81,11.0,11.250666666666667
2023-08-09,13.051,12.465,11.88,11.305,10.12,10.145,10.575,10.75,10.863,11.239333333333333
2023-08-08,13.048,12.47,11.885,11.3,10.115,10.085,10.495,10.66,10.83,11.209777777777779
2023-08-07,13.062,12.495,11.94,11.375,10.245,10.235,10.655,10.8,10.872,11.297666666666666
2023-08-04,13.064,12.47,11.885,11.31,10.19,10.19,10.595,10.76,10.88,11.260444444444444
2023-08-03,13.066,12.47,11.875,11.3,10.175,10.165,10.595,10.74,10.882,11.251999999999999
2023-08-02,13.939,13.137,12.316,11.561,9.9,10.191,10.497,10.665,10.71,11.43511111111111
2023-08-01,13.204,12.615,12.035,11.475,10.345,10.275,10.595,10.75,10.812,11.34511111111111
2023-07-31,13.174,12.595,11.99,11.42,10.305,10.255,10.6,10.76,10.851,11.327777777777778
2023-07-28,13.922,13.106,12.281,11.524,9.917,10.313,10.655,10.8,10.929,11.494111111111112
2023-07-27,13.196,12.62,12.02,11.45,9.841,10.239,10.66,10.83,10.833,11.298777777777778
2023-07-26,13.908,13.091,12.262,11.498,9.851,10.248,10.59,10.71,10.819,11.441888888888888
2023-07-25,13.924,13.101,12.293,11.528,9.866,10.243,10.552,10.68,10.825,11.44577777777778
2023-07-24,13.961,13.181,12.387,11.621,9.946,10.303,10.585,10.712,10.847,11.504777777777779
2023-07-21,13.95,13.148,12.352,11.599,9.96,10.335,10.622,10.767,10.902,11.515
2023-07-20,13.998,13.236,12.466,11.719,10.064,10.441,10.7,10.807,10.966,11.599666666666668
2023-07-19,13.991,13.205,12.422,11.672,9.971,10.293,10.587,10.703,10.683,11.503000000000002
2023-07-18,13.999,13.219,12.429,11.653,9.926,10.245,10.53,10.61,10.693,11.478222222222222
2023-07-17,13.324,12.81,12.26,11.68,10.455,10.31,10.605,10.695,10.772,11.434555555555557
2023-07-14,14.026,13.289,12.526,11.736,10.059,10.358,10.604,10.677,10.703,11.553111111111113
2023-07-13,13.272,12.815,12.27,11.722,10.483,10.282,10.53,10.61,10.708,11.410222222222222
2023-07-12,13.254,12.84,12.28,11.69,10.398,10.179,10.475,10.55,10.663,11.369888888888887
2023-07-11,13.849,13.271,12.481,11.7,9.91,10.19,10.5,10.575,10.641,11.457444444444445
2023-07-10,13.2,12.815,12.255,11.655,10.415,10.245,10.565,10.655,10.682,11.387444444444446
2023-07-07,13.194,12.78,12.195,11.6,10.355,10.195,10.53,10.6,10.883,11.37022222222222
2023-07-06,13.819,13.287,12.509,11.731,9.998,10.347,10.717,10.792,10.851,11.561222222222222
2023-07-05,13.152,12.795,12.21,11.605,10.433,10.288,10.61,10.68,10.781,11.39488888888889
2023-07-04,13.15,12.79,12.2,11.595,10.351,10.161,10.52,10.605,10.643,11.335
2023-07-03,13.178,12.755,12.185,11.58,10.281,10.084,10.46,10.53,10.563,11.290666666666667
2023-06-30,13.205,12.825,12.285,11.685,10.409,10.225,10.57,10.635,10.679,11.39088888888889
2023-06-29,14.747,13.945,13.339,12.612,10.425,10.384,10.809,10.852,10.853,11.996222222222222
2023-06-28,13.778,13.335,12.925,12.42,10.795,10.452,10.785,10.82,10.882,11.799111111111111
2023-06-27,14.752,14.019,13.332,12.588,10.397,10.4,10.755,10.833,10.932,12.00088888888889
2023-06-26,14.741,13.994,13.384,12.636,10.455,10.384,10.715,10.773,10.858,11.993333333333332
2023-06-23,13.786,13.385,13.0,12.465,10.82,10.466,10.785,10.87,10.975,11.83911111111111
2023-06-22,13.778,13.415,13.055,12.545,10.97,10.595,10.915,10.96,11.055,11.92088888888889
2023-06-21,13.778,13.385,12.99,12.47,10.93,10.58,10.93,10.97,11.035,11.896444444444443
2023-06-20,13.78,13.345,12.975,12.44,10.89,10.613,10.96,11.05,11.173,11.914000000000001
2023-06-19,13.778,13.39,13.02,12.505,10.955,10.612,10.975,11.06,11.192,11.943
2023-06-16,13.768,13.395,13.03,12.53,11.015,10.617,11.03,11.115,11.157,11.961888888888888
2023-06-15,13.768,13.375,12.995,12.48,10.955,10.679,11.06,11.14,11.183,11.959444444444443
2023-06-14,13.75,13.41,13.06,12.575,11.03,10.729,11.17,11.27,11.299,12.032555555555556
2023-06-13,13.76,13.41,13.035,12.54,10.975,10.774,11.085,11.21,11.376,12.018333333333336
2023-06-12,13.741,13.425,13.025,12.505,10.93,10.59,10.99,11.135,11.236,11.953000000000001
2023-06-09,13.729,13.44,13.035,12.49,10.945,10.588,10.955,11.055,11.203,11.937777777777777
2023-06-07,13.732,13.465,13.095,12.605,11.085,10.724,11.015,11.14,11.258,12.013222222222222
2023-06-06,13.731,13.49,13.14,12.645,11.075,10.614,10.93,11.035,11.155,11.979444444444445
2023-06-05,13.731,13.495,13.18,12.705,11.125,10.65,10.99,11.1,11.184,12.017777777777775
2023-06-02,13.72,13.505,13.2,12.76,11.315,10.835,11.17,11.28,11.375,12.12888888888889
2023-06-01,13.722,13.505,13.2,12.765,11.315,10.965,11.31,11.44,11.53,12.194666666666668
2023-05-31,13.718,13.505,13.205,12.77,11.3,10.979,11.31,11.44,11.553,12.197777777777777
2023-05-30,13.718,13.505,13.21,12.765,11.325,10.98,11.33,11.46,11.546,12.204333333333333
2023-05-29,13.718,13.51,13.21,12.785,11.365,11.028,11.35,11.49,11.599,12.228333333333332
2023-05-26,13.718,13.505,13.185,12.74,11.32,11.005,11.375,11.5,11.573,12.213444444444443
2023-05-25,13.71,13.51,13.17,12.74,11.31,11.064,11.4,11.53,11.628,12.229111111111111
2023-05-24,13.721,13.55,13.275,12.88,11.505,11.205,11.525,11.6,11.682,12.327
2023-05-23,13.73,13.575,13.305,12.915,11.575,11.255,11.58,11.66,11.729,12.369333333333332
2023-05-22,13.728,13.56,13.31,12.945,11.645,11.394,11.79,11.86,11.854,12.454
2023-05-19,13.726,13.58,13.31,12.92,11.585,11.387,11.74,11.84,11.903,12.443444444444445
2023-05-18,13.712,13.575,13.315,12.935,11.605,11.341,11.685,11.78,11.834,12.420222222222222
2023-05-17,13.714,13.58,13.335,12.98,11.68,11.378,11.705,11.79,11.841,12.444777777777778
2023-05-16,13.714,13.575,13.315,12.945,11.59,11.3,11.61,11.67,11.74,12.384333333333332
2023-05-15,13.709,13.575,13.32,12.965,11.62,11.216,11.605,11.68,11.65,12.371111111111112
2023-05-12,13.712,13.57,13.305,12.94,11.67,11.357,11.725,11.8,11.79,12.42988888888889
2023-05-11,13.712,13.55,13.26,12.865,11.59,11.43,11.805,11.915,11.948,12.45277777777778
2023-05-10,13.702,13.57,13.28,12.9,11.69,11.565,12.0,12.125,12.196,12.558666666666666
2023-05-09,13.692,13.56,13.245,12.86,11.695,11.68,12.1,12.28,12.364,12.608444444444444
2023-05-08,13.692,13.545,13.225,12.835,11.655,11.612,12.06,12.2,12.238,12.562444444444445
2023-05-05,13.692,13.53,13.205,12.825,11.66,11.534,11.935,12.05,12.112,12.504777777777777
2023-05-04,13.692,13.525,13.215,12.84,11.69,11.546,11.895,11.98,12.077,12.495555555555557
2023-05-03,13.678,13.515,13.245,12.895,11.85,11.709,12.065,12.14,12.162,12.584333333333333
2023-05-02,13.678,13.51,13.245,12.915,11.94,11.851,12.165,12.28,12.322,12.656222222222222
2023-04-28,13.68,13.53,13.295,12.97,12.005,11.883,12.205,12.3,12.364,12.692444444444444
2023-04-27,13.678,13.5,13.24,12.895,11.895,11.77,12.105,12.195,12.249,12.614111111111109
2023-04-26,13.678,13.51,13.24,12.885,11.85,11.825,12.21,12.3,12.338,12.648444444444443
2023-04-25,13.665,13.48,13.2,12.845,11.805,11.829,12.25,12.35,12.429,12.650333333333334
2023-04-24,13.669,13.515,13.225,12.88,11.895,11.953,12.385,12.49,12.546,12.728666666666665
2023-04-20,13.675,13.53,13.26,12.925,11.99,12.05,12.425,12.52,12.596,12.774555555555555
2023-04-19,13.671,13.515,13.29,12.975,12.1,12.17,12.515,12.59,12.693,12.835444444444445
2023-04-18,13.676,13.505,13.26,12.93,11.975,11.926,12.29,12.365,12.397,12.702666666666667
2023-04-17,13.674,13.475,13.235,12.91,11.88,11.835,12.155,12.24,12.314,12.635333333333332
2023-04-14,13.658,13.465,13.215,12.89,11.875,11.86,12.2,12.29,12.37,12.647
2023-04-13,13.66,13.45,13.185,12.83,11.76,11.735,12.09,12.19,12.309,12.578777777777779
2023-04-12,13.653,13.435,13.155,12.8,11.77,11.835,12.235,12.355,12.47,12.634222222222222
2023-04-11,13.648,13.415,13.135,12.77,11.745,11.83,12.245,12.37,12.48,12.626444444444447
2023-04-10,13.662,13.475,13.235,12.91,11.97,12.05,12.44,12.57,12.69,12.777999999999999
2023-04-06,13.654,13.495,13.265,12.95,12.035,12.075,12.42,12.55,12.656,12.78888888888889
2023-04-05,13.645,13.44,13.245,12.9,11.95,11.988,12.32,12.4,12.576,12.718222222222222
2023-04-04,13.649,13.44,13.24,12.91,11.98,12.07,12.43,12.54,12.643,12.766888888888891
2023-04-03,13.641,13.4,13.21,12.885,11.965,12.105,12.5,12.59,12.725,12.780111111111111
2023-03-31,13.64,13.42,13.23,12.93,12.06,12.167,12.6,12.7,12.822,12.841000000000001
2023-03-30,13.635,13.4,13.22,12.915,12.07,12.175,12.7,12.82,12.836,12.863444444444445
2023-03-29,13.625,13.43,13.28,13.015,12.183,12.384,12.87,12.97,12.991,12.972000000000001
2023-03-28,13.62,13.425,13.16,12.855,12.47,12.02,12.275,12.71,12.954,12.83211111111111
2023-03-27,13.648,13.605,13.365,13.085,12.385,11.955,12.265,12.74,12.905,12.883666666666667
2023-03-24,13.65,13.6,13.375,13.1,12.41,11.985,12.365,12.835,13.03,12.927777777777777
2023-03-23,13.652,13.625,13.44,13.22,12.61,12.205,12.474,12.95,13.11,13.031777777777778
2023-03-22,13.646,13.575,13.315,13.0,12.435,12.05,12.385,12.8,12.93,12.904
2023-03-21,13.646,13.59,13.35,13.05,12.49,12.155,12.56,12.985,13.11,12.992888888888888
2023-03-20,13.642,13.575,13.29,12.985,12.435,12.1,12.52,12.935,13.05,12.947999999999999
2023-03-17,13.644,13.585,13.295,13.0,12.44,12.13,12.522,13.055,13.14,12.979
2023-03-16,13.638,13.585,13.325,13.055,12.505,12.195,12.64,13.055,13.13,13.014222222222221
2023-03-15,13.634,13.543,13.28,12.995,12.5,12.205,12.578,13.14,13.24,13.012777777777778
2023-03-14,13.634,13.555,13.31,13.045,12.555,12.225,12.61,12.99,13.075,12.999888888888888
2023-03-13,13.626,13.54,13.26,12.975,12.46,12.14,12.497,12.85,12.935,12.920333333333332
2023-03-10,13.646,13.6,13.375,13.19,12.715,12.405,12.693,13.08,13.18,13.09822222222222
2023-03-07,13.648,13.59,13.445,13.265,12.93,12.715,13.035,13.455,13.55,13.292555555555555
2023-03-06,13.65,13.61,13.46,13.275,12.94,12.71,13.151,13.49,13.57,13.317333333333332
2023-03-03,13.648,13.64,13.51,13.355,13.05,12.825,13.243,13.5,13.575,13.371777777777778
2023-03-02,13.65,13.635,13.495,13.35,13.035,12.69,13.22,13.545,13.62,13.360000000000001
2023-03-01,13.642,13.635,13.495,13.345,12.965,12.69,13.062,13.395,13.48,13.300999999999998
2023-02-28,13.65,13.65,13.52,13.375,13.005,12.7,12.93,13.255,13.31,13.266111111111112
2023-02-27,13.65,13.65,13.51,13.365,12.995,12.665,12.97,13.315,13.36,13.275555555555556
2023-02-24,13.636,13.655,13.57,13.47,13.1,12.785,13.093,13.395,13.44,13.349333333333332
2023-02-23,13.644,13.65,13.525,13.41,12.99,12.65,12.909,13.265,13.31,13.261444444444445
2023-02-22,13.636,13.64,13.495,13.35,12.95,12.665,12.909,13.22,13.26,13.23611111111111
2023-02-17,13.634,13.635,13.45,13.28,12.88,12.575,12.856,13.2,13.25,13.195555555555554
2023-02-16,13.636,13.645,13.47,13.315,12.945,12.655,12.991,13.335,13.405,13.266333333333332
2023-02-15,13.64,13.65,13.46,13.31,12.955,12.675,12.888,13.295,13.355,13.247555555555557
2023-02-14,13.646,13.68,13.525,13.43,13.12,12.865,13.155,13.395,13.47,13.36511111111111
2023-02-13,13.644,13.7,13.6,13.53,13.245,12.97,13.138,13.345,13.43,13.400222222222222
2023-02-10,13.644,13.695,13.56,13.45,13.14,12.87,13.115,13.415,13.54,13.381
2023-02-09,13.642,13.68,13.56,13.42,13.075,12.82,13.04,13.33,13.43,13.332999999999998
2023-02-08,13.658,13.73,13.6,13.575,13.225,12.9,12.942,13.25,13.35,13.358888888888888
2023-02-07,13.664,13.755,13.71,13.66,13.395,13.08,13.045,13.24,13.35,13.43322222222222
2023-02-06,13.672,13.8,13.865,13.84,13.625,13.34,13.12,13.375,13.43,13.563
2023-02-03,13.664,13.755,13.81,13.775,13.56,13.24,13.17,13.3,13.36,13.514888888888887
2023-02-02,13.662,13.725,13.71,13.625,13.335,12.96,12.878,12.96,13.015,13.318888888888887
2023-02-01,13.666,13.735,13.695,13.585,13.235,12.905,12.954,13.125,13.165,13.340555555555556
2023-01-31,13.644,13.71,13.665,13.53,13.175,12.845,12.82,13.025,13.07,13.276000000000002
2023-01-30,13.648,13.72,13.685,13.565,13.245,12.915,12.893,13.13,13.175,13.330666666666666
2023-01-27,13.66,13.71,13.68,13.56,13.215,12.88,12.886,13.105,13.195,13.321222222222222
2023-01-26,13.636,13.7,13.63,13.525,13.125,12.75,12.694,12.985,13.08,13.23611111111111
2023-01-25,13.638,13.69,13.605,13.485,13.055,12.665,12.662,12.875,12.96,13.181666666666668
2023-01-24,13.642,13.69,13.64,13.54,13.165,12.805,12.823,13.095,13.18,13.286666666666669
2023-01-23,13.648,13.695,13.65,13.56,13.215,12.88,12.93,13.18,13.26,13.335333333333335
2023-01-20,13.668,13.685,13.64,13.485,13.085,12.74,12.73,12.94,13.0,13.219222222222221
2023-01-19,13.69,13.7,13.67,13.515,13.095,12.715,12.576,12.79,12.81,13.173444444444446
2023-01-18,13.688,13.69,13.65,13.495,13.02,12.585,12.47,12.64,12.67,13.100888888888887
2023-01-17,13.692,13.7,13.67,13.495,13.0,12.53,12.404,12.525,12.56,13.064
2023-01-16,13.698,13.74,13.695,13.545,13.11,12.69,12.505,12.65,12.665,13.144222222222222
2023-01-13,13.7,13.715,13.65,13.445,12.935,12.45,12.235,12.38,12.375,12.987222222222222
2023-01-12,13.68,13.735,13.665,13.485,12.955,12.455,12.152,12.305,12.32,12.972444444444442
2023-01-11,13.682,13.73,13.685,13.55,13.075,12.585,12.345,12.45,12.47,13.063555555555558
2023-01-10,13.676,13.73,13.71,13.63,13.22,12.77,12.58,12.705,12.735,13.19511111111111
2023-01-09,13.676,13.72,13.69,13.6,13.205,12.815,12.725,12.84,12.85,13.235666666666667
2023-01-06,13.658,13.73,13.695,13.62,13.285,12.935,12.83,12.91,12.89,13.283666666666667
2023-01-05,13.598,13.73,13.755,13.67,13.395,13.105,13.025,13.065,13.025,13.374222222222224
2023-01-04,13.65,13.8,13.8,13.755,13.55,13.32,13.305,13.33,13.275,13.531666666666668
2023-01-03,13.616,13.76,13.74,13.67,13.445,13.2,13.165,13.22,13.155,13.441222222222223
